{"loss": [0.7242547273635864, 0.41925641894340515, 0.4160347282886505, 0.4145064055919647, 0.4133531451225281, 0.4126226603984833, 0.41209834814071655, 0.41167962551116943, 0.4112323224544525, 0.41076070070266724, 0.41055846214294434], "accuracy": [0.8517462015151978, 0.8571452498435974, 0.8571452498435974, 0.8571452498435974, 0.8571452498435974, 0.8571452498435974, 0.8571452498435974, 0.8571452498435974, 0.8571452498435974, 0.8571452498435974, 0.8571452498435974], "val_loss": [0.4149538278579712, 0.41220057010650635, 0.4108777940273285, 0.4106113612651825, 0.41029781103134155, 0.4101599454879761, 0.41012752056121826, 0.4101215898990631, 0.4101189076900482, 0.4101206660270691, 0.4101198613643646], "val_accuracy": [0.8571419715881348, 0.8571419715881348, 0.8571419715881348, 0.8571419715881348, 0.8571419715881348, 0.8571419715881348, 0.8571419715881348, 0.8571419715881348, 0.8571419715881348, 0.8571419715881348, 0.8571419715881348]}